{
  "cells": {
    "dsexpxdeepseek": {
      "auroc": 0.8416967213114754,
      "ci": [
        0.8116229508196722,
        0.8689180327868853
      ],
      "n_clean": 500,
      "n_bd": 122,
      "mean_clean": 0.4129659999999996,
      "mean_bd": 0.9466721311475415,
      "tp2": 0.0,
      "tp5": 0.0,
      "tp10": 0.0,
      "family": "SAME"
    },
    "dsexpxsonnet": {
      "auroc": 0.7172325581395349,
      "ci": [
        0.6765581395348838,
        0.7578372093023256
      ],
      "n_clean": 500,
      "n_bd": 215,
      "mean_clean": 0.4043819999999998,
      "mean_bd": 0.729279069767442,
      "tp2": 0.0,
      "tp5": 0.0,
      "tp10": 0.0,
      "family": "cross"
    },
    "dsexpxgpt": {
      "auroc": 0.7394207770379468,
      "ci": [
        0.6985325489689056,
        0.7771155213653113
      ],
      "n_clean": 499,
      "n_bd": 155,
      "mean_clean": 0.46079358717434876,
      "mean_bd": 0.8361161290322585,
      "tp2": 0.0,
      "tp5": 0.0,
      "tp10": 0.0,
      "family": "cross"
    },
    "haikuxdeepseek": {
      "auroc": 0.7259176230468096,
      "ci": [
        0.6862515474955666,
        0.7627982065781109
      ],
      "n_clean": 494,
      "n_bd": 121,
      "mean_clean": 0.4646599190283389,
      "mean_bd": 0.9111487603305795,
      "tp2": 0.0,
      "tp5": 0.0,
      "tp10": 0.04132231404958678,
      "family": "cross"
    },
    "haikuxsonnet": {
      "auroc": 0.6861906976744186,
      "ci": [
        0.6462418604651162,
        0.7254418604651163
      ],
      "n_clean": 500,
      "n_bd": 215,
      "mean_clean": 0.33644799999999964,
      "mean_bd": 0.6745023255813951,
      "tp2": 0.0,
      "tp5": 0.0,
      "tp10": 0.07441860465116279,
      "family": "SAME"
    },
    "haikuxgpt": {
      "auroc": 0.6126630752255469,
      "ci": [
        0.5721749853962484,
        0.6524112416434088
      ],
      "n_clean": 497,
      "n_bd": 155,
      "mean_clean": 0.5175191146881274,
      "mean_bd": 0.807832258064517,
      "tp2": 0.0,
      "tp5": 0.0,
      "tp10": 0.0,
      "family": "cross"
    },
    "gptnanoxdeepseek": {
      "auroc": 0.9305742632806597,
      "ci": [
        0.9054256053089786,
        0.9520105785341174
      ],
      "n_clean": 499,
      "n_bd": 122,
      "mean_clean": 0.32431863727454924,
      "mean_bd": 0.7843196721311477,
      "tp2": 0.4180327868852459,
      "tp5": 0.6311475409836066,
      "tp10": 0.8032786885245902,
      "family": "cross"
    },
    "gptnanoxsonnet": {
      "auroc": 0.7076465116279069,
      "ci": [
        0.6671860465116279,
        0.7474139534883721
      ],
      "n_clean": 500,
      "n_bd": 215,
      "mean_clean": 0.2811700000000002,
      "mean_bd": 0.47736279069767484,
      "tp2": 0.07441860465116279,
      "tp5": 0.12558139534883722,
      "tp10": 0.26046511627906976,
      "family": "cross"
    },
    "gptnanoxgpt": {
      "auroc": 0.7169612903225806,
      "ci": [
        0.6755677419354839,
        0.7587354838709678
      ],
      "n_clean": 500,
      "n_bd": 155,
      "mean_clean": 0.37058200000000036,
      "mean_bd": 0.6043354838709681,
      "tp2": 0.0,
      "tp5": 0.0967741935483871,
      "tp10": 0.22580645161290322,
      "family": "SAME"
    }
  },
  "same_family_mean": 0.748282903102825,
  "cross_family_mean": 0.7389091347264007,
  "ensemble": {
    "deepseek": {
      "ensemble_auroc": 0.9249744354852228,
      "singles": {
        "dsexp": 0.8410306271268838,
        "haiku": 0.7253868204449063,
        "gptnano": 0.9300705748244011
      },
      "best_single": "gptnano",
      "delta_vs_best": -0.005096139339178296,
      "tp5": 0.5785123966942148,
      "n_clean": 493,
      "n_bd": 121
    },
    "sonnet": {
      "ensemble_auroc": 0.7424558139534884,
      "singles": {
        "dsexp": 0.7172325581395349,
        "haiku": 0.6861906976744186,
        "gptnano": 0.7076465116279069
      },
      "best_single": "dsexp",
      "delta_vs_best": 0.02522325581395346,
      "tp5": 0.24651162790697675,
      "n_clean": 500,
      "n_bd": 215
    },
    "gpt": {
      "ensemble_auroc": 0.7340530697190427,
      "singles": {
        "dsexp": 0.7380593132154006,
        "haiku": 0.6138982830385016,
        "gptnano": 0.7163826742976067
      },
      "best_single": "dsexp",
      "delta_vs_best": -0.00400624349635792,
      "tp5": 0.11612903225806452,
      "n_clean": 496,
      "n_bd": 155
    }
  }
}