{
  "full": {
    "dsexpxdeepseek": {
      "auroc": 0.8416967213114754,
      "tp@2fpr": 0.0,
      "mean_clean": 0.4129659999999996,
      "mean_bd": 0.9466721311475415,
      "n_clean": 500,
      "n_bd": 122,
      "family": "SAME",
      "ci": [
        0.8116229508196722,
        0.8689180327868853
      ]
    },
    "dsexpxsonnet": {
      "auroc": 0.7172325581395349,
      "tp@2fpr": 0.0,
      "mean_clean": 0.4043819999999998,
      "mean_bd": 0.729279069767442,
      "n_clean": 500,
      "n_bd": 215,
      "family": "cross",
      "ci": [
        0.6765581395348838,
        0.7578372093023256
      ]
    },
    "haikuxdeepseek": {
      "auroc": 0.7259176230468096,
      "tp@2fpr": 0.0,
      "mean_clean": 0.4646599190283389,
      "mean_bd": 0.9111487603305795,
      "n_clean": 494,
      "n_bd": 121,
      "family": "cross",
      "ci": [
        0.6862515474955666,
        0.7627982065781109
      ]
    },
    "haikuxsonnet": {
      "auroc": 0.6861906976744186,
      "tp@2fpr": 0.0,
      "mean_clean": 0.33644799999999964,
      "mean_bd": 0.6745023255813951,
      "n_clean": 500,
      "n_bd": 215,
      "family": "SAME",
      "ci": [
        0.6462418604651162,
        0.7254418604651163
      ]
    }
  },
  "balanced_n": 121,
  "balanced": {
    "dsexpxdeepseek": {
      "auroc": 0.817225599344307,
      "tp@2fpr": 0.0,
      "mean_clean": 0.4783884297520662,
      "mean_bd": 0.9474710743801656,
      "n_clean": 121,
      "n_bd": 121,
      "family": "SAME",
      "ci": [
        0.7615941534048221,
        0.8679051977323953
      ]
    },
    "dsexpxsonnet": {
      "auroc": 0.7857386790519774,
      "tp@2fpr": 0.0,
      "mean_clean": 0.3159504132231403,
      "mean_bd": 0.7769586776859507,
      "n_clean": 121,
      "n_bd": 121,
      "family": "cross",
      "ci": [
        0.7265555631445939,
        0.8388088245338433
      ]
    },
    "haikuxdeepseek": {
      "auroc": 0.7171982788060924,
      "tp@2fpr": 0.0,
      "mean_clean": 0.4978264462809921,
      "mean_bd": 0.911148760330579,
      "n_clean": 121,
      "n_bd": 121,
      "family": "cross",
      "ci": [
        0.6519021924731917,
        0.7833822826309679
      ]
    },
    "haikuxsonnet": {
      "auroc": 0.6939075199781436,
      "tp@2fpr": 0.0,
      "mean_clean": 0.31071900826446286,
      "mean_bd": 0.6754710743801658,
      "n_clean": 121,
      "n_bd": 121,
      "family": "SAME",
      "ci": [
        0.6249231609862714,
        0.7598524690936411
      ]
    }
  },
  "interaction_bootstrap_balanced": {
    "interaction_same_minus_cross": {
      "point": 0.0033,
      "ci": [
        -0.0563,
        0.0657
      ],
      "p_one_sided_le0": 0.4562
    },
    "dsexp_own_minus_other": {
      "point": 0.0309,
      "ci": [
        -0.0466,
        0.1081
      ],
      "p_one_sided_le0": 0.2144
    },
    "haiku_own_minus_other": {
      "point": -0.0239,
      "ci": [
        -0.1162,
        0.0709
      ],
      "p_one_sided_le0": 0.6928
    }
  },
  "catch_rate_curve_full": {
    "dsexpxdeepseek": {
      "1%": 0.0,
      "2%": 0.0,
      "5%": 0.0,
      "10%": 0.0,
      "20%": 0.689
    },
    "dsexpxsonnet": {
      "1%": 0.0,
      "2%": 0.0,
      "5%": 0.0,
      "10%": 0.0,
      "20%": 0.363
    },
    "haikuxdeepseek": {
      "1%": 0.0,
      "2%": 0.0,
      "5%": 0.0,
      "10%": 0.041,
      "20%": 0.264
    },
    "haikuxsonnet": {
      "1%": 0.0,
      "2%": 0.0,
      "5%": 0.0,
      "10%": 0.074,
      "20%": 0.074
    }
  }
}