{
  "gemini:none": {
    "raw": 0.6469155844155844,
    "resid": 0.6810064935064936,
    "incr": 0.009577922077922074,
    "incr_p": 0.37289042777353176,
    "paired_wins": 30.5,
    "pairs": 50,
    "paired_p": 0.15729920705028522
  },
  "gemini:low": {
    "raw": 0.8088749126484975,
    "resid": 0.7176799440950384,
    "incr": 0.12858141160027947,
    "incr_p": 2.7129744148979285e-06,
    "paired_wins": 38.0,
    "pairs": 46,
    "paired_p": 9.722321453020655e-06
  },
  "gemini:medium": {
    "raw": 0.7861538461538462,
    "resid": 0.7098076923076924,
    "incr": 0.14115384615384607,
    "incr_p": 8.299303404513125e-06,
    "paired_wins": 34.5,
    "pairs": 43,
    "paired_p": 0.00013758813032538342
  },
  "gemini:high": {
    "raw": 0.7719907407407407,
    "resid": 0.6853505291005291,
    "incr": 0.10499338624338628,
    "incr_p": 2.5773919745675222e-05,
    "paired_wins": 35.0,
    "pairs": 49,
    "paired_p": 0.002699796063260207
  },
  "gptnano:minimal": {
    "raw": 0.5910714285714286,
    "resid": 0.5456168831168832,
    "incr": 0.0040584415584415945,
    "incr_p": 0.3569112298123831,
    "paired_wins": 28.0,
    "pairs": 50,
    "paired_p": 0.396143909152074
  },
  "gptnano:low": {
    "raw": 0.5475127551020408,
    "resid": 0.5282206632653061,
    "incr": -0.0031887755102040227,
    "incr_p": 0.801710096000609,
    "paired_wins": 30.5,
    "pairs": 51,
    "paired_p": 0.20757844233562417
  },
  "gptnano:medium": {
    "raw": 0.5527742346938775,
    "resid": 0.5849808673469388,
    "incr": 0.006058673469387821,
    "incr_p": 0.23181247946183858,
    "paired_wins": 30.0,
    "pairs": 51,
    "paired_p": 0.20757844233562417
  },
  "gptnano:high": {
    "raw": 0.5829081632653061,
    "resid": 0.5546875,
    "incr": 0.012436224489795977,
    "incr_p": 0.16016300537409167,
    "paired_wins": 29.5,
    "pairs": 51,
    "paired_p": 0.20757844233562417
  },
  "gptnano:xhigh": {
    "raw": NaN,
    "resid": NaN,
    "incr": NaN,
    "incr_p": NaN,
    "paired_wins": 0,
    "pairs": 0,
    "paired_p": NaN
  },
  "haiku:none": {
    "raw": 0.7573341836734694,
    "resid": 0.6771364795918368,
    "incr": 0.12181122448979598,
    "incr_p": 7.671037097534139e-06,
    "paired_wins": 37.0,
    "pairs": 51,
    "paired_p": 0.0012790283276835623
  },
  "haiku:b2048": {
    "raw": 0.7830038265306123,
    "resid": 0.6961096938775511,
    "incr": 0.12069515306122447,
    "incr_p": 8.635462282025053e-06,
    "paired_wins": 37.0,
    "pairs": 51,
    "paired_p": 0.0012790283276835623
  },
  "haiku:b8192": {
    "raw": 0.78125,
    "resid": 0.6964285714285714,
    "incr": 0.12101403061224492,
    "incr_p": 6.185026319993625e-06,
    "paired_wins": 38.5,
    "pairs": 51,
    "paired_p": 0.00046403753207524545
  },
  "haiku:b16384": {
    "raw": 0.8378507653061225,
    "resid": 0.7774234693877551,
    "incr": 0.16948341836734704,
    "incr_p": 8.628444958524994e-09,
    "paired_wins": 40,
    "pairs": 51,
    "paired_p": 4.890228744036662e-05
  },
  "haiku:b32768": {
    "raw": 0.8950892857142857,
    "resid": 0.8675595238095238,
    "incr": 0.36309523809523814,
    "incr_p": 6.714040243460673e-05,
    "paired_wins": 12,
    "pairs": 12,
    "paired_p": 0.0005320055051392103
  },
  "o3mini:low": {
    "raw": 0.5977359693877551,
    "resid": 0.4258609693877551,
    "incr": 0.026466836734693966,
    "incr_p": 0.0847499572116781,
    "paired_wins": 29.5,
    "pairs": 51,
    "paired_p": 0.20757844233562417
  },
  "o3mini:medium": {
    "raw": 0.5548469387755102,
    "resid": 0.3807397959183674,
    "incr": 0.027582908163265363,
    "incr_p": 0.05618497725585658,
    "paired_wins": 28.5,
    "pairs": 51,
    "paired_p": 0.4838398513935682
  }
}