{
  "gemini:none": {
    "raw": 0.6469155844155844,
    "resid": 0.6810064935064936,
    "incr": 0.009577922077922074,
    "incr_p": 0.37289042777353176,
    "paired_wins": 30.5,
    "pairs": 50,
    "paired_p": 0.15729920705028522
  },
  "gemini:low": {
    "raw": 0.8088749126484975,
    "resid": 0.7176799440950384,
    "incr": 0.12858141160027947,
    "incr_p": 2.7129744148979285e-06,
    "paired_wins": 38.0,
    "pairs": 46,
    "paired_p": 9.722321453020655e-06
  },
  "gemini:medium": {
    "raw": 0.7861538461538462,
    "resid": 0.7098076923076924,
    "incr": 0.14115384615384607,
    "incr_p": 8.299303404513125e-06,
    "paired_wins": 34.5,
    "pairs": 43,
    "paired_p": 0.00013758813032538342
  },
  "gemini:high": {
    "raw": 0.7719907407407407,
    "resid": 0.6853505291005291,
    "incr": 0.10499338624338628,
    "incr_p": 2.5773919745675222e-05,
    "paired_wins": 35.0,
    "pairs": 49,
    "paired_p": 0.002699796063260207
  },
  "gpt52:low": {
    "raw": 0.8134566326530612,
    "resid": 0.6409438775510204,
    "incr": 0.08019770408163274,
    "incr_p": 0.0009734106284177146,
    "paired_wins": 39,
    "pairs": 51,
    "paired_p": 0.00015635271159997188
  },
  "gpt52:medium": {
    "raw": 0.8450255102040817,
    "resid": 0.6675701530612245,
    "incr": 0.06377551020408168,
    "incr_p": 0.0021841031194496097,
    "paired_wins": 40.5,
    "pairs": 51,
    "paired_p": 4.890228744036662e-05
  },
  "gpt52:high": {
    "raw": 0.8743622448979592,
    "resid": 0.657844387755102,
    "incr": 0.08880739795918369,
    "incr_p": 0.0001769571169861761,
    "paired_wins": 45,
    "pairs": 51,
    "paired_p": 4.732138503271699e-08
  },
  "gpt52:xhigh": {
    "raw": 0.9162946428571429,
    "resid": 0.6908482142857143,
    "incr": 0.12818877551020413,
    "incr_p": 3.680633760883012e-06,
    "paired_wins": 48,
    "pairs": 51,
    "paired_p": 2.9523494760042013e-10
  },
  "gptmini:minimal": {
    "raw": 0.453125,
    "resid": 0.4864477040816326,
    "incr": 0.009247448979591955,
    "incr_p": 0.28007274454586417,
    "paired_wins": 27,
    "pairs": 51,
    "paired_p": 0.6744240722352937
  },
  "gptmini:low": {
    "raw": 0.5350765306122449,
    "resid": 0.5068558673469388,
    "incr": 0.018494897959183687,
    "incr_p": 0.0669914431188352,
    "paired_wins": 27,
    "pairs": 51,
    "paired_p": 0.6744240722352937
  },
  "gptmini:medium": {
    "raw": 0.5416135204081632,
    "resid": 0.5763711734693877,
    "incr": 0.026785714285714413,
    "incr_p": 0.016403304635276172,
    "paired_wins": 25.5,
    "pairs": 51,
    "paired_p": 0.8886378608950078
  },
  "gptmini:high": {
    "raw": 0.6382334183673469,
    "resid": 0.5129145408163265,
    "incr": 0.043048469387755195,
    "incr_p": 0.009515747222232473,
    "paired_wins": 31.5,
    "pairs": 51,
    "paired_p": 0.06870357432287832
  },
  "gptnano:minimal": {
    "raw": 0.5910714285714286,
    "resid": 0.5456168831168832,
    "incr": 0.0040584415584415945,
    "incr_p": 0.3569112298123831,
    "paired_wins": 28.0,
    "pairs": 50,
    "paired_p": 0.396143909152074
  },
  "gptnano:low": {
    "raw": 0.5475127551020408,
    "resid": 0.5282206632653061,
    "incr": -0.0031887755102040227,
    "incr_p": 0.801710096000609,
    "paired_wins": 30.5,
    "pairs": 51,
    "paired_p": 0.20757844233562417
  },
  "gptnano:medium": {
    "raw": 0.5527742346938775,
    "resid": 0.5849808673469388,
    "incr": 0.006058673469387821,
    "incr_p": 0.23181247946183858,
    "paired_wins": 30.0,
    "pairs": 51,
    "paired_p": 0.20757844233562417
  },
  "gptnano:high": {
    "raw": 0.5829081632653061,
    "resid": 0.5546875,
    "incr": 0.012436224489795977,
    "incr_p": 0.16016300537409167,
    "paired_wins": 29.5,
    "pairs": 51,
    "paired_p": 0.20757844233562417
  },
  "haiku:none": {
    "raw": 0.7573341836734694,
    "resid": 0.6771364795918368,
    "incr": 0.12181122448979598,
    "incr_p": 7.671037097534139e-06,
    "paired_wins": 37.0,
    "pairs": 51,
    "paired_p": 0.0012790283276835623
  },
  "haiku:b2048": {
    "raw": 0.7830038265306123,
    "resid": 0.6961096938775511,
    "incr": 0.12069515306122447,
    "incr_p": 8.635462282025053e-06,
    "paired_wins": 37.0,
    "pairs": 51,
    "paired_p": 0.0012790283276835623
  },
  "haiku:b8192": {
    "raw": 0.78125,
    "resid": 0.6964285714285714,
    "incr": 0.12101403061224492,
    "incr_p": 6.185026319993625e-06,
    "paired_wins": 38.5,
    "pairs": 51,
    "paired_p": 0.00046403753207524545
  },
  "haiku:b16384": {
    "raw": 0.8378507653061225,
    "resid": 0.7774234693877551,
    "incr": 0.16948341836734704,
    "incr_p": 8.628444958524994e-09,
    "paired_wins": 40,
    "pairs": 51,
    "paired_p": 4.890228744036662e-05
  },
  "haiku:b32768": {
    "raw": 0.7783801020408163,
    "resid": 0.7299107142857143,
    "incr": 0.1535395408163266,
    "incr_p": 1.1647889486265939e-07,
    "paired_wins": 40,
    "pairs": 51,
    "paired_p": 4.890228744036662e-05
  },
  "o3mini:low": {
    "raw": 0.5977359693877551,
    "resid": 0.4258609693877551,
    "incr": 0.026466836734693966,
    "incr_p": 0.0847499572116781,
    "paired_wins": 29.5,
    "pairs": 51,
    "paired_p": 0.20757844233562417
  },
  "o3mini:medium": {
    "raw": 0.5548469387755102,
    "resid": 0.3807397959183674,
    "incr": 0.027582908163265363,
    "incr_p": 0.05618497725585658,
    "paired_wins": 28.5,
    "pairs": 51,
    "paired_p": 0.4838398513935682
  }
}